cntr_01,dist_x,pang_x,ra_01,dec_01,solution_id,designation,source_id,random_index,ref_epoch,ra,ra_error,dec,dec_error,parallax,parallax_error,parallax_over_error,pm,pmra,pmra_error,pmdec,pmdec_error,ra_dec_corr,ra_parallax_corr,ra_pmra_corr,ra_pmdec_corr,dec_parallax_corr,dec_pmra_corr,dec_pmdec_corr,parallax_pmra_corr,parallax_pmdec_corr,pmra_pmdec_corr,astrometric_n_obs_al,astrometric_n_obs_ac,astrometric_n_good_obs_al,astrometric_n_bad_obs_al,astrometric_gof_al,astrometric_chi2_al,astrometric_excess_noise,astrometric_excess_noise_sig,astrometric_params_solved,astrometric_primary_flag,nu_eff_used_in_astrometry,pseudocolour,pseudocolour_error,ra_pseudocolour_corr,dec_pseudocolour_corr,parallax_pseudocolour_corr,pmra_pseudocolour_corr,pmdec_pseudocolour_corr,astrometric_matched_transits,visibility_periods_used,astrometric_sigma5d_max,matched_transits,new_matched_transits,matched_transits_removed,ipd_gof_harmonic_amplitude,ipd_gof_harmonic_phase,ipd_frac_multi_peak,ipd_frac_odd_win,ruwe,scan_direction_strength_k1,scan_direction_strength_k2,scan_direction_strength_k3,scan_direction_strength_k4,scan_direction_mean_k1,scan_direction_mean_k2,scan_direction_mean_k3,scan_direction_mean_k4,duplicated_source,phot_g_n_obs,phot_g_mean_flux,phot_g_mean_flux_error,phot_g_mean_flux_over_error,phot_g_mean_mag,phot_bp_n_obs,phot_bp_mean_flux,phot_bp_mean_flux_error,phot_bp_mean_flux_over_error,phot_bp_mean_mag,phot_rp_n_obs,phot_rp_mean_flux,phot_rp_mean_flux_error,phot_rp_mean_flux_over_error,phot_rp_mean_mag,phot_bp_rp_excess_factor,phot_bp_n_contaminated_transits,phot_bp_n_blended_transits,phot_rp_n_contaminated_transits,phot_rp_n_blended_transits,phot_proc_mode,bp_rp,bp_g,g_rp,radial_velocity,radial_velocity_error,rv_method_used,rv_nb_transits,rv_nb_deblended_transits,rv_visibility_periods_used,rv_expected_sig_to_noise,rv_renormalised_gof,rv_chisq_pvalue,rv_time_duration,rv_amplitude_robust,rv_template_teff,rv_template_logg,rv_template_fe_h,rv_atm_param_origin,vbroad,vbroad_error,vbroad_nb_transits,grvs_mag,grvs_mag_error,grvs_mag_nb_transits,rvs_spec_sig_to_noise,phot_variable_flag,l,b,ecl_lon,ecl_lat,in_qso_candidates,in_galaxy_candidates,non_single_star,has_xp_continuous,has_xp_sampled,has_rvs,has_epoch_photometry,has_epoch_rv,has_mcmc_gspphot,has_mcmc_msc,in_andromeda_survey,classprob_dsc_combmod_quasar,classprob_dsc_combmod_galaxy,classprob_dsc_combmod_star,teff_gspphot,teff_gspphot_lower,teff_gspphot_upper,logg_gspphot,logg_gspphot_lower,logg_gspphot_upper,mh_gspphot,mh_gspphot_lower,mh_gspphot_upper,distance_gspphot,distance_gspphot_lower,distance_gspphot_upper,azero_gspphot,azero_gspphot_lower,azero_gspphot_upper,ag_gspphot,ag_gspphot_lower,ag_gspphot_upper,ebpminrp_gspphot,ebpminrp_gspphot_lower,ebpminrp_gspphot_upper,libname_gspphot
1,,,52.110964,-2.042556,,,,,,,,,,,,,,,,,,,,,,,,,,,,,,,,,,,,,,,,,,,,,,,,,,,,,,,,,,,,,,,,,,,,,,,,,,,,,,,,,,,,,,,,,,,,,,,,,,,,,,,,,,,,,,,,,,,,,,,,,,,,,,,,,,,,,,,,,,,,,,,,,,,,,,,,
2,,,3.471031,3.389028,,,,,,,,,,,,,,,,,,,,,,,,,,,,,,,,,,,,,,,,,,,,,,,,,,,,,,,,,,,,,,,,,,,,,,,,,,,,,,,,,,,,,,,,,,,,,,,,,,,,,,,,,,,,,,,,,,,,,,,,,,,,,,,,,,,,,,,,,,,,,,,,,,,,,,,,
3,,,3.895387,17.590239,,,,,,,,,,,,,,,,,,,,,,,,,,,,,,,,,,,,,,,,,,,,,,,,,,,,,,,,,,,,,,,,,,,,,,,,,,,,,,,,,,,,,,,,,,,,,,,,,,,,,,,,,,,,,,,,,,,,,,,,,,,,,,,,,,,,,,,,,,,,,,,,,,,,,,,,
4,,,4.030117,21.979837,,,,,,,,,,,,,,,,,,,,,,,,,,,,,,,,,,,,,,,,,,,,,,,,,,,,,,,,,,,,,,,,,,,,,,,,,,,,,,,,,,,,,,,,,,,,,,,,,,,,,,,,,,,,,,,,,,,,,,,,,,,,,,,,,,,,,,,,,,,,,,,,,,,,,,,,
5,,,9.355856,27.209589,,,,,,,,,,,,,,,,,,,,,,,,,,,,,,,,,,,,,,,,,,,,,,,,,,,,,,,,,,,,,,,,,,,,,,,,,,,,,,,,,,,,,,,,,,,,,,,,,,,,,,,,,,,,,,,,,,,,,,,,,,,,,,,,,,,,,,,,,,,,,,,,,,,,,,,,
6,,,10.3451,2.66792,,,,,,,,,,,,,,,,,,,,,,,,,,,,,,,,,,,,,,,,,,,,,,,,,,,,,,,,,,,,,,,,,,,,,,,,,,,,,,,,,,,,,,,,,,,,,,,,,,,,,,,,,,,,,,,,,,,,,,,,,,,,,,,,,,,,,,,,,,,,,,,,,,,,,,,,
7,,,10.661473,12.513245,,,,,,,,,,,,,,,,,,,,,,,,,,,,,,,,,,,,,,,,,,,,,,,,,,,,,,,,,,,,,,,,,,,,,,,,,,,,,,,,,,,,,,,,,,,,,,,,,,,,,,,,,,,,,,,,,,,,,,,,,,,,,,,,,,,,,,,,,,,,,,,,,,,,,,,,
8,2.02575,22.445706,33.533339,-15.613295,1636148068921376768,Gaia DR3 5145133296031761408,5145133296031761408,1128297667,2016.0,33.53356207737,0.4409,-15.61277492142,0.439,1.8496,0.5809,3.1841,16.297,7.477,0.55,-14.481,0.562,0.2861,0.0151,-0.2327,0.2285,-0.0376,0.2307,-0.2196,0.2351,0.2906,0.2704,316,0,315,1,2.1113,406.7559,1.875,2.8456,95,0,,1.1589,0.1114,-0.074,-0.137,0.05,-0.102,0.116,37,17,0.879613,45,32,0,0.029,109.936,0,0,1.085,0.213,0.418,0.217,0.54,-60.813,-39.878,-47.26,36.005,0,371,172.25162,0.68749,250.55074,20.096958,26,42.12964,4.7682,8.83554,21.277073,32,222.022,8.41956,26.3698,18.881905,1.534,0,0,0,4,0,2.395168,1.180115,1.215054,,,,,,,,,,,,,,,,,,,,,,,NOT_AVAILABLE,186.18652380373,-67.61919643748,25.39322472477,-27.29425301896,0,0,0,0,0,0,0,0,0,0,0,0.0,0.0,0.999993,,,,,,,,,,,,,,,,,,,,,,
9,,,14.634073,17.801178,,,,,,,,,,,,,,,,,,,,,,,,,,,,,,,,,,,,,,,,,,,,,,,,,,,,,,,,,,,,,,,,,,,,,,,,,,,,,,,,,,,,,,,,,,,,,,,,,,,,,,,,,,,,,,,,,,,,,,,,,,,,,,,,,,,,,,,,,,,,,,,,,,,,,,,,
10,,,24.873195,9.010906,,,,,,,,,,,,,,,,,,,,,,,,,,,,,,,,,,,,,,,,,,,,,,,,,,,,,,,,,,,,,,,,,,,,,,,,,,,,,,,,,,,,,,,,,,,,,,,,,,,,,,,,,,,,,,,,,,,,,,,,,,,,,,,,,,,,,,,,,,,,,,,,,,,,,,,,
11,4.94454,-145.999787,28.8779,9.011723,1636148068921376768,Gaia DR3 2570523392486888064,2570523392486888064,581236030,2016.0,28.87712235708,9.0222,9.01058433275,5.0013,,,,,,,,,-0.5094,,,,,,,,,,55,0,53,2,8.747,193.1381,20.036,67.7573,3,0,,,,,,,,,7,6,20.405735,8,3,0,0.206,7.857,0,0,,0.238,0.586,0.315,0.891,-87.848,15.512,-47.678,23.672,0,63,62.02825,1.83241,33.85065,21.205893,7,128.89348,45.14343,2.8552,20.062965,7,211.67643,9.05561,23.37516,18.933714,5.491,0,0,0,0,0,1.129251,-1.142927,2.272179,,,,,,,,,,,,,,,,,,,,,,,NOT_AVAILABLE,148.39719107349,-50.66602883439,30.02935956279,-2.63858940323,0,0,0,0,0,0,0,0,0,0,0,0.000132,0.000334,0.997876,,,,,,,,,,,,,,,,,,,,,,
12,,,29.150439,22.869123,,,,,,,,,,,,,,,,,,,,,,,,,,,,,,,,,,,,,,,,,,,,,,,,,,,,,,,,,,,,,,,,,,,,,,,,,,,,,,,,,,,,,,,,,,,,,,,,,,,,,,,,,,,,,,,,,,,,,,,,,,,,,,,,,,,,,,,,,,,,,,,,,,,,,,,,
13,,,33.227775,6.862581,,,,,,,,,,,,,,,,,,,,,,,,,,,,,,,,,,,,,,,,,,,,,,,,,,,,,,,,,,,,,,,,,,,,,,,,,,,,,,,,,,,,,,,,,,,,,,,,,,,,,,,,,,,,,,,,,,,,,,,,,,,,,,,,,,,,,,,,,,,,,,,,,,,,,,,,
14,8.501104,-120.99239,43.257887,-1.669906,1636148068921376768,Gaia DR3 5187541734393616768,5187541734393616768,390711216,2016.0,43.25586184711,0.0936,-1.67112195015,0.0882,-0.0715,0.1084,-0.6595,2.572,-0.299,0.107,-2.555,0.11,0.1884,0.4065,-0.0593,-0.2484,-0.0991,-0.2316,-0.3279,0.0523,-0.1675,0.3304,196,0,195,1,2.1598,244.0819,0.341,2.1374,31,1,1.524,,,,,,,,23,13,0.177676,24,11,0,0.032,72.739,4,0,1.111,0.331,0.155,0.348,0.851,-55.182,-32.128,-57.594,27.497,0,191,1921.54922,2.45108,783.96094,17.478237,22,996.22204,19.91309,50.02851,17.842651,22,1356.73115,9.3778,144.67476,16.91666,1.225,0,2,0,1,0,0.925991,0.364414,0.561577,,,,,,,,,,,,,,,,,,,,,,,NOT_AVAILABLE,176.95222818348,-51.31796713731,40.27540514795,-17.41075075138,0,0,0,1,0,0,0,0,1,1,0,0.0,0.0,0.999985,5238.4,5223.3,5259.0,4.7509,4.736,4.7666,-2.0746,-2.245,-1.8867,1526.0046,1509.2012,1555.4102,0.0125,0.0031,0.0304,0.0103,0.0026,0.0249,0.0056,0.0014,0.0136,MARCS
15,,,52.895373,5.412787,,,,,,,,,,,,,,,,,,,,,,,,,,,,,,,,,,,,,,,,,,,,,,,,,,,,,,,,,,,,,,,,,,,,,,,,,,,,,,,,,,,,,,,,,,,,,,,,,,,,,,,,,,,,,,,,,,,,,,,,,,,,,,,,,,,,,,,,,,,,,,,,,,,,,,,,
16,,,67.961184,8.270728,,,,,,,,,,,,,,,,,,,,,,,,,,,,,,,,,,,,,,,,,,,,,,,,,,,,,,,,,,,,,,,,,,,,,,,,,,,,,,,,,,,,,,,,,,,,,,,,,,,,,,,,,,,,,,,,,,,,,,,,,,,,,,,,,,,,,,,,,,,,,,,,,,,,,,,,
17,,,70.986948,11.760406,,,,,,,,,,,,,,,,,,,,,,,,,,,,,,,,,,,,,,,,,,,,,,,,,,,,,,,,,,,,,,,,,,,,,,,,,,,,,,,,,,,,,,,,,,,,,,,,,,,,,,,,,,,,,,,,,,,,,,,,,,,,,,,,,,,,,,,,,,,,,,,,,,,,,,,,
18,,,99.705237,82.851228,,,,,,,,,,,,,,,,,,,,,,,,,,,,,,,,,,,,,,,,,,,,,,,,,,,,,,,,,,,,,,,,,,,,,,,,,,,,,,,,,,,,,,,,,,,,,,,,,,,,,,,,,,,,,,,,,,,,,,,,,,,,,,,,,,,,,,,,,,,,,,,,,,,,,,,,
19,,,111.867539,49.116289,,,,,,,,,,,,,,,,,,,,,,,,,,,,,,,,,,,,,,,,,,,,,,,,,,,,,,,,,,,,,,,,,,,,,,,,,,,,,,,,,,,,,,,,,,,,,,,,,,,,,,,,,,,,,,,,,,,,,,,,,,,,,,,,,,,,,,,,,,,,,,,,,,,,,,,,
20,,,120.460128,24.6009,,,,,,,,,,,,,,,,,,,,,,,,,,,,,,,,,,,,,,,,,,,,,,,,,,,,,,,,,,,,,,,,,,,,,,,,,,,,,,,,,,,,,,,,,,,,,,,,,,,,,,,,,,,,,,,,,,,,,,,,,,,,,,,,,,,,,,,,,,,,,,,,,,,,,,,,
21,,,107.096289,77.623406,,,,,,,,,,,,,,,,,,,,,,,,,,,,,,,,,,,,,,,,,,,,,,,,,,,,,,,,,,,,,,,,,,,,,,,,,,,,,,,,,,,,,,,,,,,,,,,,,,,,,,,,,,,,,,,,,,,,,,,,,,,,,,,,,,,,,,,,,,,,,,,,,,,,,,,,
22,4.836266,-51.121539,117.308706,31.328087,1636148068921376768,Gaia DR3 880816840866314496,880816840866314496,576392732,2016.0,117.30748167451,0.6259,31.32893021114,0.4658,-0.8141,0.7765,-1.0484,1.444,-1.287,0.871,0.654,0.481,0.0771,0.043,0.2144,0.0351,-0.3404,-0.0883,0.7389,0.4605,-0.2468,0.033,278,0,278,0,-2.6349,231.8755,0.0,0.0,31,0,1.575,,,,,,,,32,16,1.245205,32,4,0,0.07,22.804,0,0,0.888,0.244,0.455,0.241,0.537,-134.325,-1.945,-41.586,-23.856,0,276,146.12697,1.024,142.70256,20.275541,28,90.87232,7.77338,11.6902,20.442463,27,90.74772,6.48961,13.98353,19.853306,1.243,0,1,0,1,0,0.589157,0.166922,0.422235,,,,,,,,,,,,,,,,,,,,,,,VARIABLE,189.08912038355,25.26249622584,113.45493327938,10.0863165204,1,0,0,0,0,0,1,0,0,0,0,0.983974,1e-06,0.016025,,,,,,,,,,,,,,,,,,,,,,
23,,,127.436362,61.493006,,,,,,,,,,,,,,,,,,,,,,,,,,,,,,,,,,,,,,,,,,,,,,,,,,,,,,,,,,,,,,,,,,,,,,,,,,,,,,,,,,,,,,,,,,,,,,,,,,,,,,,,,,,,,,,,,,,,,,,,,,,,,,,,,,,,,,,,,,,,,,,,,,,,,,,,
24,,,128.828042,62.064314,,,,,,,,,,,,,,,,,,,,,,,,,,,,,,,,,,,,,,,,,,,,,,,,,,,,,,,,,,,,,,,,,,,,,,,,,,,,,,,,,,,,,,,,,,,,,,,,,,,,,,,,,,,,,,,,,,,,,,,,,,,,,,,,,,,,,,,,,,,,,,,,,,,,,,,,
25,,,154.25955,81.048764,,,,,,,,,,,,,,,,,,,,,,,,,,,,,,,,,,,,,,,,,,,,,,,,,,,,,,,,,,,,,,,,,,,,,,,,,,,,,,,,,,,,,,,,,,,,,,,,,,,,,,,,,,,,,,,,,,,,,,,,,,,,,,,,,,,,,,,,,,,,,,,,,,,,,,,,
26,,,132.82205,62.976712,,,,,,,,,,,,,,,,,,,,,,,,,,,,,,,,,,,,,,,,,,,,,,,,,,,,,,,,,,,,,,,,,,,,,,,,,,,,,,,,,,,,,,,,,,,,,,,,,,,,,,,,,,,,,,,,,,,,,,,,,,,,,,,,,,,,,,,,,,,,,,,,,,,,,,,,
27,,,139.692639,62.496967,,,,,,,,,,,,,,,,,,,,,,,,,,,,,,,,,,,,,,,,,,,,,,,,,,,,,,,,,,,,,,,,,,,,,,,,,,,,,,,,,,,,,,,,,,,,,,,,,,,,,,,,,,,,,,,,,,,,,,,,,,,,,,,,,,,,,,,,,,,,,,,,,,,,,,,,
28,,,143.290956,15.143325,,,,,,,,,,,,,,,,,,,,,,,,,,,,,,,,,,,,,,,,,,,,,,,,,,,,,,,,,,,,,,,,,,,,,,,,,,,,,,,,,,,,,,,,,,,,,,,,,,,,,,,,,,,,,,,,,,,,,,,,,,,,,,,,,,,,,,,,,,,,,,,,,,,,,,,,
29,,,144.088334,37.828853,,,,,,,,,,,,,,,,,,,,,,,,,,,,,,,,,,,,,,,,,,,,,,,,,,,,,,,,,,,,,,,,,,,,,,,,,,,,,,,,,,,,,,,,,,,,,,,,,,,,,,,,,,,,,,,,,,,,,,,,,,,,,,,,,,,,,,,,,,,,,,,,,,,,,,,,
30,,,144.86945,22.661587,,,,,,,,,,,,,,,,,,,,,,,,,,,,,,,,,,,,,,,,,,,,,,,,,,,,,,,,,,,,,,,,,,,,,,,,,,,,,,,,,,,,,,,,,,,,,,,,,,,,,,,,,,,,,,,,,,,,,,,,,,,,,,,,,,,,,,,,,,,,,,,,,,,,,,,,
31,,,145.503717,16.932306,,,,,,,,,,,,,,,,,,,,,,,,,,,,,,,,,,,,,,,,,,,,,,,,,,,,,,,,,,,,,,,,,,,,,,,,,,,,,,,,,,,,,,,,,,,,,,,,,,,,,,,,,,,,,,,,,,,,,,,,,,,,,,,,,,,,,,,,,,,,,,,,,,,,,,,,
32,,,145.7808,31.199828,,,,,,,,,,,,,,,,,,,,,,,,,,,,,,,,,,,,,,,,,,,,,,,,,,,,,,,,,,,,,,,,,,,,,,,,,,,,,,,,,,,,,,,,,,,,,,,,,,,,,,,,,,,,,,,,,,,,,,,,,,,,,,,,,,,,,,,,,,,,,,,,,,,,,,,,
33,6.679674,-115.024629,149.937428,20.954467,1636148068921376768,Gaia DR3 627944697081990912,627944697081990912,387469689,2016.0,149.93562765804,0.8204,20.95368211445,0.6897,0.6718,0.8561,0.7848,5.911,-5.33,1.312,2.556,0.922,-0.1869,-0.1936,-0.341,0.1965,0.1664,0.3888,-0.7595,0.4043,-0.233,-0.5402,189,0,187,2,1.1316,217.0278,0.0,0.0,95,0,,1.5064,0.184,0.094,0.028,0.179,0.102,-0.006,22,13,2.063219,26,12,0,0.017,121.563,0,0,1.058,0.084,0.423,0.174,0.412,-9.05,18.616,0.262,-26.967,0,215,117.26072,0.83108,141.09413,20.514486,16,54.60525,10.18187,5.36299,20.995457,23,118.40363,7.79826,15.18333,19.564484,1.475,0,0,0,0,0,1.430973,0.48097,0.950003,,,,,,,,,,,,,,,,,,,,,,,NOT_AVAILABLE,212.35052634657,50.50416250888,144.7364141013,8.16396785442,0,0,0,0,0,0,0,0,0,0,0,0.0,1e-06,0.999993,,,,,,,,,,,,,,,,,,,,,,
34,,,150.888964,22.150459,,,,,,,,,,,,,,,,,,,,,,,,,,,,,,,,,,,,,,,,,,,,,,,,,,,,,,,,,,,,,,,,,,,,,,,,,,,,,,,,,,,,,,,,,,,,,,,,,,,,,,,,,,,,,,,,,,,,,,,,,,,,,,,,,,,,,,,,,,,,,,,,,,,,,,,,
35,,,150.91472,16.750331,,,,,,,,,,,,,,,,,,,,,,,,,,,,,,,,,,,,,,,,,,,,,,,,,,,,,,,,,,,,,,,,,,,,,,,,,,,,,,,,,,,,,,,,,,,,,,,,,,,,,,,,,,,,,,,,,,,,,,,,,,,,,,,,,,,,,,,,,,,,,,,,,,,,,,,,
36,8.021466,-160.601881,170.261864,22.0321,1636148068921376768,Gaia DR3 3990986248278002944,3990986248278002944,884286694,2016.0,170.26106566416,9.975,22.02999829925,5.5435,,,,,,,,,0.347,,,,,,,,,,102,0,100,2,80.4198,11089.1064,28.899,248.4396,3,0,,,,,,,,,12,9,18.941986,12,12,0,0.15,72.257,0,0,,0.165,0.141,0.265,0.89,-78.756,30.586,-9.617,-20.547,0,100,52.7222,1.5088,34.94302,21.382383,10,127.55268,14.36516,8.8793,20.074318,9,335.53247,7.86095,42.68346,18.433559,8.783,0,0,0,0,0,1.640759,-1.308065,2.948824,,,,,,,,,,,,,,,,,,,,,,,NOT_AVAILABLE,221.93056739482,68.85974427056,162.21491736596,16.36560380562,0,0,0,0,0,0,0,0,0,0,0,9e-05,0.000871,0.99809,,,,,,,,,,,,,,,,,,,,,,
37,,,153.86302,25.662203,,,,,,,,,,,,,,,,,,,,,,,,,,,,,,,,,,,,,,,,,,,,,,,,,,,,,,,,,,,,,,,,,,,,,,,,,,,,,,,,,,,,,,,,,,,,,,,,,,,,,,,,,,,,,,,,,,,,,,,,,,,,,,,,,,,,,,,,,,,,,,,,,,,,,,,,
38,,,154.747192,21.236992,,,,,,,,,,,,,,,,,,,,,,,,,,,,,,,,,,,,,,,,,,,,,,,,,,,,,,,,,,,,,,,,,,,,,,,,,,,,,,,,,,,,,,,,,,,,,,,,,,,,,,,,,,,,,,,,,,,,,,,,,,,,,,,,,,,,,,,,,,,,,,,,,,,,,,,,
39,,,162.005081,12.534948,,,,,,,,,,,,,,,,,,,,,,,,,,,,,,,,,,,,,,,,,,,,,,,,,,,,,,,,,,,,,,,,,,,,,,,,,,,,,,,,,,,,,,,,,,,,,,,,,,,,,,,,,,,,,,,,,,,,,,,,,,,,,,,,,,,,,,,,,,,,,,,,,,,,,,,,
40,,,155.519045,24.44112,,,,,,,,,,,,,,,,,,,,,,,,,,,,,,,,,,,,,,,,,,,,,,,,,,,,,,,,,,,,,,,,,,,,,,,,,,,,,,,,,,,,,,,,,,,,,,,,,,,,,,,,,,,,,,,,,,,,,,,,,,,,,,,,,,,,,,,,,,,,,,,,,,,,,,,,
41,,,157.006284,33.63585,,,,,,,,,,,,,,,,,,,,,,,,,,,,,,,,,,,,,,,,,,,,,,,,,,,,,,,,,,,,,,,,,,,,,,,,,,,,,,,,,,,,,,,,,,,,,,,,,,,,,,,,,,,,,,,,,,,,,,,,,,,,,,,,,,,,,,,,,,,,,,,,,,,,,,,,
42,,,157.614331,22.738103,,,,,,,,,,,,,,,,,,,,,,,,,,,,,,,,,,,,,,,,,,,,,,,,,,,,,,,,,,,,,,,,,,,,,,,,,,,,,,,,,,,,,,,,,,,,,,,,,,,,,,,,,,,,,,,,,,,,,,,,,,,,,,,,,,,,,,,,,,,,,,,,,,,,,,,,
43,,,160.201848,21.891209,,,,,,,,,,,,,,,,,,,,,,,,,,,,,,,,,,,,,,,,,,,,,,,,,,,,,,,,,,,,,,,,,,,,,,,,,,,,,,,,,,,,,,,,,,,,,,,,,,,,,,,,,,,,,,,,,,,,,,,,,,,,,,,,,,,,,,,,,,,,,,,,,,,,,,,,
44,3.076656,52.700227,160.670003,17.461253,1636148068921376768,Gaia DR3 3985727657823939072,3985727657823939072,1558552943,2016.0,160.670715677,0.7837,17.46177088994,0.5822,1.29,0.8281,1.5579,7.806,-3.523,0.964,-6.966,0.775,0.1369,-0.2275,0.0968,0.0758,-0.3038,-0.0101,0.1785,0.0683,-0.3841,0.0571,225,0,224,1,15.2888,757.747,3.146,11.0329,95,0,,1.3709,0.1794,-0.224,-0.058,0.1,-0.049,0.064,26,16,1.340012,26,8,0,0.166,19.872,0,0,1.813,0.219,0.231,0.381,0.88,-72.337,1.03,-8.784,-22.968,0,222,130.24666,0.89995,144.72581,20.40045,17,44.06086,8.33705,5.28495,21.228409,21,166.37759,7.49221,22.20675,19.195158,1.616,0,0,0,0,0,2.033251,0.827959,1.205292,,,,,,,,,,,,,,,,,,,,,,,NOT_AVAILABLE,224.17942406699,58.79426498826,155.56175196358,8.610288287,0,0,0,0,0,0,0,0,0,0,0,2e-06,0.000497,0.999494,,,,,,,,,,,,,,,,,,,,,,
45,,,162.898862,15.227423,,,,,,,,,,,,,,,,,,,,,,,,,,,,,,,,,,,,,,,,,,,,,,,,,,,,,,,,,,,,,,,,,,,,,,,,,,,,,,,,,,,,,,,,,,,,,,,,,,,,,,,,,,,,,,,,,,,,,,,,,,,,,,,,,,,,,,,,,,,,,,,,,,,,,,,,
46,,,163.909689,14.927428,,,,,,,,,,,,,,,,,,,,,,,,,,,,,,,,,,,,,,,,,,,,,,,,,,,,,,,,,,,,,,,,,,,,,,,,,,,,,,,,,,,,,,,,,,,,,,,,,,,,,,,,,,,,,,,,,,,,,,,,,,,,,,,,,,,,,,,,,,,,,,,,,,,,,,,,
47,,,166.962556,35.037362,,,,,,,,,,,,,,,,,,,,,,,,,,,,,,,,,,,,,,,,,,,,,,,,,,,,,,,,,,,,,,,,,,,,,,,,,,,,,,,,,,,,,,,,,,,,,,,,,,,,,,,,,,,,,,,,,,,,,,,,,,,,,,,,,,,,,,,,,,,,,,,,,,,,,,,,
48,,,171.453225,0.361164,,,,,,,,,,,,,,,,,,,,,,,,,,,,,,,,,,,,,,,,,,,,,,,,,,,,,,,,,,,,,,,,,,,,,,,,,,,,,,,,,,,,,,,,,,,,,,,,,,,,,,,,,,,,,,,,,,,,,,,,,,,,,,,,,,,,,,,,,,,,,,,,,,,,,,,,
49,,,200.608484,3.676237,,,,,,,,,,,,,,,,,,,,,,,,,,,,,,,,,,,,,,,,,,,,,,,,,,,,,,,,,,,,,,,,,,,,,,,,,,,,,,,,,,,,,,,,,,,,,,,,,,,,,,,,,,,,,,,,,,,,,,,,,,,,,,,,,,,,,,,,,,,,,,,,,,,,,,,,
50,,,181.676206,5.848806,,,,,,,,,,,,,,,,,,,,,,,,,,,,,,,,,,,,,,,,,,,,,,,,,,,,,,,,,,,,,,,,,,,,,,,,,,,,,,,,,,,,,,,,,,,,,,,,,,,,,,,,,,,,,,,,,,,,,,,,,,,,,,,,,,,,,,,,,,,,,,,,,,,,,,,,
51,7.064907,166.289362,163.688842,-5.859513,1636148068921376768,Gaia DR3 3764674658990300416,3764674658990300416,991818242,2016.0,163.68930958735,0.2305,-5.86141955341,0.1621,0.2874,0.2332,1.2321,4.592,-1.876,0.272,-4.191,0.211,0.006,-0.36,-0.1476,0.141,-0.066,0.1076,-0.1264,-0.0507,-0.1089,-0.0723,211,0,210,1,-1.3904,185.6132,0.0,0.0,31,0,1.524,,,,,,,,24,15,0.380496,28,9,0,0.039,27.619,0,0,0.931,0.273,0.202,0.318,0.833,-116.388,30.724,-3.969,-24.9,0,243,486.9141,1.16165,419.15628,18.968737,25,251.1945,12.69269,19.79048,19.338516,24,344.47827,7.40703,46.5069,18.404991,1.223,0,0,0,1,0,0.933525,0.36978,0.563745,,,,,,,,,,,,,,,,,,,,,,,NOT_AVAILABLE,258.05594066605,46.5926876462,167.2690114898,-11.81929022221,0,0,0,0,0,0,0,0,1,0,0,0.0,0.0,0.999987,4941.3,4923.5,4962.0,4.8489,4.8269,4.8659,-2.0122,-2.2198,-1.8554,2334.9446,2282.2659,2394.8599,0.0056,0.0014,0.0139,0.0045,0.0011,0.0112,0.0025,0.0006,0.0061,MARCS
52,,,172.824937,10.223714,,,,,,,,,,,,,,,,,,,,,,,,,,,,,,,,,,,,,,,,,,,,,,,,,,,,,,,,,,,,,,,,,,,,,,,,,,,,,,,,,,,,,,,,,,,,,,,,,,,,,,,,,,,,,,,,,,,,,,,,,,,,,,,,,,,,,,,,,,,,,,,,,,,,,,,,
53,,,172.895448,4.264323,,,,,,,,,,,,,,,,,,,,,,,,,,,,,,,,,,,,,,,,,,,,,,,,,,,,,,,,,,,,,,,,,,,,,,,,,,,,,,,,,,,,,,,,,,,,,,,,,,,,,,,,,,,,,,,,,,,,,,,,,,,,,,,,,,,,,,,,,,,,,,,,,,,,,,,,
54,,,149.546998,-1.346575,,,,,,,,,,,,,,,,,,,,,,,,,,,,,,,,,,,,,,,,,,,,,,,,,,,,,,,,,,,,,,,,,,,,,,,,,,,,,,,,,,,,,,,,,,,,,,,,,,,,,,,,,,,,,,,,,,,,,,,,,,,,,,,,,,,,,,,,,,,,,,,,,,,,,,,,
55,,,173.105667,5.3825,,,,,,,,,,,,,,,,,,,,,,,,,,,,,,,,,,,,,,,,,,,,,,,,,,,,,,,,,,,,,,,,,,,,,,,,,,,,,,,,,,,,,,,,,,,,,,,,,,,,,,,,,,,,,,,,,,,,,,,,,,,,,,,,,,,,,,,,,,,,,,,,,,,,,,,,
56,,,177.382078,16.121484,,,,,,,,,,,,,,,,,,,,,,,,,,,,,,,,,,,,,,,,,,,,,,,,,,,,,,,,,,,,,,,,,,,,,,,,,,,,,,,,,,,,,,,,,,,,,,,,,,,,,,,,,,,,,,,,,,,,,,,,,,,,,,,,,,,,,,,,,,,,,,,,,,,,,,,,
57,,,178.382875,63.066495,,,,,,,,,,,,,,,,,,,,,,,,,,,,,,,,,,,,,,,,,,,,,,,,,,,,,,,,,,,,,,,,,,,,,,,,,,,,,,,,,,,,,,,,,,,,,,,,,,,,,,,,,,,,,,,,,,,,,,,,,,,,,,,,,,,,,,,,,,,,,,,,,,,,,,,,
58,,,179.092006,67.076764,,,,,,,,,,,,,,,,,,,,,,,,,,,,,,,,,,,,,,,,,,,,,,,,,,,,,,,,,,,,,,,,,,,,,,,,,,,,,,,,,,,,,,,,,,,,,,,,,,,,,,,,,,,,,,,,,,,,,,,,,,,,,,,,,,,,,,,,,,,,,,,,,,,,,,,,
59,,,181.514306,81.954284,,,,,,,,,,,,,,,,,,,,,,,,,,,,,,,,,,,,,,,,,,,,,,,,,,,,,,,,,,,,,,,,,,,,,,,,,,,,,,,,,,,,,,,,,,,,,,,,,,,,,,,,,,,,,,,,,,,,,,,,,,,,,,,,,,,,,,,,,,,,,,,,,,,,,,,,
60,,,185.816642,16.470814,,,,,,,,,,,,,,,,,,,,,,,,,,,,,,,,,,,,,,,,,,,,,,,,,,,,,,,,,,,,,,,,,,,,,,,,,,,,,,,,,,,,,,,,,,,,,,,,,,,,,,,,,,,,,,,,,,,,,,,,,,,,,,,,,,,,,,,,,,,,,,,,,,,,,,,,
61,,,187.406573,61.299989,,,,,,,,,,,,,,,,,,,,,,,,,,,,,,,,,,,,,,,,,,,,,,,,,,,,,,,,,,,,,,,,,,,,,,,,,,,,,,,,,,,,,,,,,,,,,,,,,,,,,,,,,,,,,,,,,,,,,,,,,,,,,,,,,,,,,,,,,,,,,,,,,,,,,,,,
62,,,187.620025,20.716934,,,,,,,,,,,,,,,,,,,,,,,,,,,,,,,,,,,,,,,,,,,,,,,,,,,,,,,,,,,,,,,,,,,,,,,,,,,,,,,,,,,,,,,,,,,,,,,,,,,,,,,,,,,,,,,,,,,,,,,,,,,,,,,,,,,,,,,,,,,,,,,,,,,,,,,,
63,,,191.199689,7.273877,,,,,,,,,,,,,,,,,,,,,,,,,,,,,,,,,,,,,,,,,,,,,,,,,,,,,,,,,,,,,,,,,,,,,,,,,,,,,,,,,,,,,,,,,,,,,,,,,,,,,,,,,,,,,,,,,,,,,,,,,,,,,,,,,,,,,,,,,,,,,,,,,,,,,,,,
64,,,188.288617,43.235292,,,,,,,,,,,,,,,,,,,,,,,,,,,,,,,,,,,,,,,,,,,,,,,,,,,,,,,,,,,,,,,,,,,,,,,,,,,,,,,,,,,,,,,,,,,,,,,,,,,,,,,,,,,,,,,,,,,,,,,,,,,,,,,,,,,,,,,,,,,,,,,,,,,,,,,,
65,,,189.349539,5.441498,,,,,,,,,,,,,,,,,,,,,,,,,,,,,,,,,,,,,,,,,,,,,,,,,,,,,,,,,,,,,,,,,,,,,,,,,,,,,,,,,,,,,,,,,,,,,,,,,,,,,,,,,,,,,,,,,,,,,,,,,,,,,,,,,,,,,,,,,,,,,,,,,,,,,,,,
66,,,190.59262,34.346248,,,,,,,,,,,,,,,,,,,,,,,,,,,,,,,,,,,,,,,,,,,,,,,,,,,,,,,,,,,,,,,,,,,,,,,,,,,,,,,,,,,,,,,,,,,,,,,,,,,,,,,,,,,,,,,,,,,,,,,,,,,,,,,,,,,,,,,,,,,,,,,,,,,,,,,,
67,,,171.38947,81.532553,,,,,,,,,,,,,,,,,,,,,,,,,,,,,,,,,,,,,,,,,,,,,,,,,,,,,,,,,,,,,,,,,,,,,,,,,,,,,,,,,,,,,,,,,,,,,,,,,,,,,,,,,,,,,,,,,,,,,,,,,,,,,,,,,,,,,,,,,,,,,,,,,,,,,,,,
68,,,190.546103,16.148625,,,,,,,,,,,,,,,,,,,,,,,,,,,,,,,,,,,,,,,,,,,,,,,,,,,,,,,,,,,,,,,,,,,,,,,,,,,,,,,,,,,,,,,,,,,,,,,,,,,,,,,,,,,,,,,,,,,,,,,,,,,,,,,,,,,,,,,,,,,,,,,,,,,,,,,,
69,,,193.443425,27.352428,,,,,,,,,,,,,,,,,,,,,,,,,,,,,,,,,,,,,,,,,,,,,,,,,,,,,,,,,,,,,,,,,,,,,,,,,,,,,,,,,,,,,,,,,,,,,,,,,,,,,,,,,,,,,,,,,,,,,,,,,,,,,,,,,,,,,,,,,,,,,,,,,,,,,,,,
70,,,193.497128,62.283673,,,,,,,,,,,,,,,,,,,,,,,,,,,,,,,,,,,,,,,,,,,,,,,,,,,,,,,,,,,,,,,,,,,,,,,,,,,,,,,,,,,,,,,,,,,,,,,,,,,,,,,,,,,,,,,,,,,,,,,,,,,,,,,,,,,,,,,,,,,,,,,,,,,,,,,,
71,,,197.068714,18.780217,,,,,,,,,,,,,,,,,,,,,,,,,,,,,,,,,,,,,,,,,,,,,,,,,,,,,,,,,,,,,,,,,,,,,,,,,,,,,,,,,,,,,,,,,,,,,,,,,,,,,,,,,,,,,,,,,,,,,,,,,,,,,,,,,,,,,,,,,,,,,,,,,,,,,,,,
72,,,202.655623,15.072139,,,,,,,,,,,,,,,,,,,,,,,,,,,,,,,,,,,,,,,,,,,,,,,,,,,,,,,,,,,,,,,,,,,,,,,,,,,,,,,,,,,,,,,,,,,,,,,,,,,,,,,,,,,,,,,,,,,,,,,,,,,,,,,,,,,,,,,,,,,,,,,,,,,,,,,,
73,,,202.725725,2.502159,,,,,,,,,,,,,,,,,,,,,,,,,,,,,,,,,,,,,,,,,,,,,,,,,,,,,,,,,,,,,,,,,,,,,,,,,,,,,,,,,,,,,,,,,,,,,,,,,,,,,,,,,,,,,,,,,,,,,,,,,,,,,,,,,,,,,,,,,,,,,,,,,,,,,,,,
74,,,203.007289,12.172034,,,,,,,,,,,,,,,,,,,,,,,,,,,,,,,,,,,,,,,,,,,,,,,,,,,,,,,,,,,,,,,,,,,,,,,,,,,,,,,,,,,,,,,,,,,,,,,,,,,,,,,,,,,,,,,,,,,,,,,,,,,,,,,,,,,,,,,,,,,,,,,,,,,,,,,,
75,,,206.373153,27.736737,,,,,,,,,,,,,,,,,,,,,,,,,,,,,,,,,,,,,,,,,,,,,,,,,,,,,,,,,,,,,,,,,,,,,,,,,,,,,,,,,,,,,,,,,,,,,,,,,,,,,,,,,,,,,,,,,,,,,,,,,,,,,,,,,,,,,,,,,,,,,,,,,,,,,,,,
76,,,210.295362,-22.061505,,,,,,,,,,,,,,,,,,,,,,,,,,,,,,,,,,,,,,,,,,,,,,,,,,,,,,,,,,,,,,,,,,,,,,,,,,,,,,,,,,,,,,,,,,,,,,,,,,,,,,,,,,,,,,,,,,,,,,,,,,,,,,,,,,,,,,,,,,,,,,,,,,,,,,,,
77,,,208.776275,11.196214,,,,,,,,,,,,,,,,,,,,,,,,,,,,,,,,,,,,,,,,,,,,,,,,,,,,,,,,,,,,,,,,,,,,,,,,,,,,,,,,,,,,,,,,,,,,,,,,,,,,,,,,,,,,,,,,,,,,,,,,,,,,,,,,,,,,,,,,,,,,,,,,,,,,,,,,
78,,,212.658481,26.009295,,,,,,,,,,,,,,,,,,,,,,,,,,,,,,,,,,,,,,,,,,,,,,,,,,,,,,,,,,,,,,,,,,,,,,,,,,,,,,,,,,,,,,,,,,,,,,,,,,,,,,,,,,,,,,,,,,,,,,,,,,,,,,,,,,,,,,,,,,,,,,,,,,,,,,,,
79,9.49425,-127.679812,228.471809,9.327517,1636148068921376768,Gaia DR3 1167297584780445568,1167297584780445568,509545295,2016.0,228.46969378699,0.2743,9.32590495397,0.2551,0.3958,0.315,1.2565,4.038,-3.583,0.338,-1.864,0.315,0.1143,-0.2383,-0.0609,0.0049,-0.3687,0.1525,-0.3875,-0.2086,0.2503,-0.0988,246,0,245,1,-0.4789,241.0461,0.0,0.0,31,0,1.552,,,,,,,,28,16,0.492751,28,11,0,0.027,29.65,0,0,0.977,0.237,0.102,0.203,0.786,-73.654,-5.975,-15.839,-28.326,0,242,314.698,1.1489,273.91153,19.442633,26,165.58194,9.08758,18.22069,19.79101,25,191.36362,8.90802,21.48217,19.043247,1.134,0,0,0,0,0,0.747763,0.348377,0.399385,,,,,,,,,,,,,,,,,,,,,,,NOT_AVAILABLE,11.84214732949,51.98841037127,223.14923515226,26.26478239769,0,0,0,0,0,0,0,0,0,0,0,0.0,0.0,0.999967,,,,,,,,,,,,,,,,,,,,,,
80,,,212.988631,12.563828,,,,,,,,,,,,,,,,,,,,,,,,,,,,,,,,,,,,,,,,,,,,,,,,,,,,,,,,,,,,,,,,,,,,,,,,,,,,,,,,,,,,,,,,,,,,,,,,,,,,,,,,,,,,,,,,,,,,,,,,,,,,,,,,,,,,,,,,,,,,,,,,,,,,,,,,
81,,,201.150228,31.479037,,,,,,,,,,,,,,,,,,,,,,,,,,,,,,,,,,,,,,,,,,,,,,,,,,,,,,,,,,,,,,,,,,,,,,,,,,,,,,,,,,,,,,,,,,,,,,,,,,,,,,,,,,,,,,,,,,,,,,,,,,,,,,,,,,,,,,,,,,,,,,,,,,,,,,,,
82,,,216.346342,32.898712,,,,,,,,,,,,,,,,,,,,,,,,,,,,,,,,,,,,,,,,,,,,,,,,,,,,,,,,,,,,,,,,,,,,,,,,,,,,,,,,,,,,,,,,,,,,,,,,,,,,,,,,,,,,,,,,,,,,,,,,,,,,,,,,,,,,,,,,,,,,,,,,,,,,,,,,
83,,,221.50382,32.212617,,,,,,,,,,,,,,,,,,,,,,,,,,,,,,,,,,,,,,,,,,,,,,,,,,,,,,,,,,,,,,,,,,,,,,,,,,,,,,,,,,,,,,,,,,,,,,,,,,,,,,,,,,,,,,,,,,,,,,,,,,,,,,,,,,,,,,,,,,,,,,,,,,,,,,,,
84,6.383507,142.493836,222.44815,62.578462,1636148068921376768,Gaia DR3 1620202852512394496,1620202852512394496,1090876315,2016.0,222.45049413733,0.0653,62.57705532535,0.0618,1.1466,0.0706,16.2517,3.45,-3.403,0.078,0.569,0.085,0.0215,-0.2512,-0.13,0.2285,-0.0487,0.159,0.2021,-0.0872,-0.3423,0.0546,340,0,336,4,-0.1391,341.6557,0.0,0.0,31,0,1.405,,,,,,,,40,27,0.121577,62,16,0,0.027,106.701,0,0,0.994,0.166,0.034,0.099,0.083,163.114,33.754,38.326,-31.646,0,482,1936.14588,1.44575,1339.19897,17.470022,53,712.95094,7.58958,93.93813,18.205893,52,1751.88664,8.29433,211.21495,16.63913,1.273,1,2,0,2,0,1.566763,0.73587,0.830893,,,,,,,,,,,,,,,,,,,,,,,NOT_AVAILABLE,102.40378960932,49.56773873461,168.7043674305,69.72427900872,0,0,0,1,0,0,0,0,1,1,0,0.0,0.0,0.999952,4033.1,4024.8,4042.9,4.392,4.3749,4.4846,-0.7013,-0.7719,-0.6137,1242.4387,1076.2976,1282.3604,0.0069,0.0017,0.0181,0.0051,0.0012,0.0133,0.0027,0.0006,0.0072,PHOENIX
85,,,226.116437,62.390059,,,,,,,,,,,,,,,,,,,,,,,,,,,,,,,,,,,,,,,,,,,,,,,,,,,,,,,,,,,,,,,,,,,,,,,,,,,,,,,,,,,,,,,,,,,,,,,,,,,,,,,,,,,,,,,,,,,,,,,,,,,,,,,,,,,,,,,,,,,,,,,,,,,,,,,,
86,,,228.030978,51.110023,,,,,,,,,,,,,,,,,,,,,,,,,,,,,,,,,,,,,,,,,,,,,,,,,,,,,,,,,,,,,,,,,,,,,,,,,,,,,,,,,,,,,,,,,,,,,,,,,,,,,,,,,,,,,,,,,,,,,,,,,,,,,,,,,,,,,,,,,,,,,,,,,,,,,,,,
87,2.584244,66.213912,245.468959,71.848331,1636148068921376768,Gaia DR3 1654096496733795072,1654096496733795072,873034894,2016.0,245.471067538,5.8876,71.84862051223,7.6069,,,,,,,,,0.0126,,,,,,,,,,96,0,95,1,100.0114,19122.3164,31.823,580.8097,3,0,,,,,,,,,11,9,20.500818,11,1,1,0.289,33.274,1,0,,0.429,0.28,0.274,0.156,-69.735,81.386,49.697,-33.521,0,93,55.2723,1.4739,37.50064,21.331099,7,46.75038,11.10348,4.21043,21.16408,9,148.29762,12.37395,11.98467,19.320061,3.529,0,0,0,0,0,1.844019,-0.167019,2.011038,,,,,,,,,,,,,,,,,,,,,,,NOT_AVAILABLE,104.87985976384,36.98795237376,137.63408505797,79.91881925772,0,0,0,0,0,0,0,0,0,0,0,0.00015,6.7e-05,0.999047,,,,,,,,,,,,,,,,,,,,,,
88,,,232.422612,22.971723,,,,,,,,,,,,,,,,,,,,,,,,,,,,,,,,,,,,,,,,,,,,,,,,,,,,,,,,,,,,,,,,,,,,,,,,,,,,,,,,,,,,,,,,,,,,,,,,,,,,,,,,,,,,,,,,,,,,,,,,,,,,,,,,,,,,,,,,,,,,,,,,,,,,,,,,
89,,,234.630975,43.034712,,,,,,,,,,,,,,,,,,,,,,,,,,,,,,,,,,,,,,,,,,,,,,,,,,,,,,,,,,,,,,,,,,,,,,,,,,,,,,,,,,,,,,,,,,,,,,,,,,,,,,,,,,,,,,,,,,,,,,,,,,,,,,,,,,,,,,,,,,,,,,,,,,,,,,,,
90,,,235.269937,9.015137,,,,,,,,,,,,,,,,,,,,,,,,,,,,,,,,,,,,,,,,,,,,,,,,,,,,,,,,,,,,,,,,,,,,,,,,,,,,,,,,,,,,,,,,,,,,,,,,,,,,,,,,,,,,,,,,,,,,,,,,,,,,,,,,,,,,,,,,,,,,,,,,,,,,,,,,
91,,,237.229462,62.414553,,,,,,,,,,,,,,,,,,,,,,,,,,,,,,,,,,,,,,,,,,,,,,,,,,,,,,,,,,,,,,,,,,,,,,,,,,,,,,,,,,,,,,,,,,,,,,,,,,,,,,,,,,,,,,,,,,,,,,,,,,,,,,,,,,,,,,,,,,,,,,,,,,,,,,,,
92,,,242.438298,38.580195,,,,,,,,,,,,,,,,,,,,,,,,,,,,,,,,,,,,,,,,,,,,,,,,,,,,,,,,,,,,,,,,,,,,,,,,,,,,,,,,,,,,,,,,,,,,,,,,,,,,,,,,,,,,,,,,,,,,,,,,,,,,,,,,,,,,,,,,,,,,,,,,,,,,,,,,
93,,,242.505006,61.519787,,,,,,,,,,,,,,,,,,,,,,,,,,,,,,,,,,,,,,,,,,,,,,,,,,,,,,,,,,,,,,,,,,,,,,,,,,,,,,,,,,,,,,,,,,,,,,,,,,,,,,,,,,,,,,,,,,,,,,,,,,,,,,,,,,,,,,,,,,,,,,,,,,,,,,,,
94,,,246.001339,61.350075,,,,,,,,,,,,,,,,,,,,,,,,,,,,,,,,,,,,,,,,,,,,,,,,,,,,,,,,,,,,,,,,,,,,,,,,,,,,,,,,,,,,,,,,,,,,,,,,,,,,,,,,,,,,,,,,,,,,,,,,,,,,,,,,,,,,,,,,,,,,,,,,,,,,,,,,
95,,,248.608259,34.073459,,,,,,,,,,,,,,,,,,,,,,,,,,,,,,,,,,,,,,,,,,,,,,,,,,,,,,,,,,,,,,,,,,,,,,,,,,,,,,,,,,,,,,,,,,,,,,,,,,,,,,,,,,,,,,,,,,,,,,,,,,,,,,,,,,,,,,,,,,,,,,,,,,,,,,,,
96,,,260.145242,44.00315,,,,,,,,,,,,,,,,,,,,,,,,,,,,,,,,,,,,,,,,,,,,,,,,,,,,,,,,,,,,,,,,,,,,,,,,,,,,,,,,,,,,,,,,,,,,,,,,,,,,,,,,,,,,,,,,,,,,,,,,,,,,,,,,,,,,,,,,,,,,,,,,,,,,,,,,
97,,,261.435853,73.902706,,,,,,,,,,,,,,,,,,,,,,,,,,,,,,,,,,,,,,,,,,,,,,,,,,,,,,,,,,,,,,,,,,,,,,,,,,,,,,,,,,,,,,,,,,,,,,,,,,,,,,,,,,,,,,,,,,,,,,,,,,,,,,,,,,,,,,,,,,,,,,,,,,,,,,,,
98,0.289397,-163.334607,277.742217,40.900045,1636148068921376768,Gaia DR3 2110356954263004160,2110356954263004160,892638407,2016.0,277.74218649957,0.2052,40.8999679885,0.2255,0.6957,0.2445,2.8457,7.641,-3.633,0.304,-6.722,0.302,-0.0307,0.0222,-0.0583,0.0075,0.011,0.0076,0.0835,0.0446,-0.2328,0.0114,343,0,343,0,-1.978,308.7812,0.0,0.0,95,0,,1.2858,0.0743,-0.03,0.078,-0.017,-0.155,-0.056,39,23,0.422739,43,17,0,0.014,23.674,0,0,0.924,0.227,0.169,0.044,0.047,-110.774,68.989,-34.23,-30.75,0,349,290.31092,0.92929,312.40228,19.530209,36,109.33154,6.73764,16.22698,20.241678,39,238.92138,6.62407,36.06868,18.802258,1.2,0,1,0,1,0,1.439421,0.71147,0.727951,,,,,,,,,,,,,,,,,,,,,,,NOT_AVAILABLE,69.18011433817,21.01132693247,283.42116468473,63.97897461405,0,0,0,0,0,0,0,0,0,0,0,0.0,0.0,0.999996,,,,,,,,,,,,,,,,,,,,,,
99,,,283.374209,77.91682,,,,,,,,,,,,,,,,,,,,,,,,,,,,,,,,,,,,,,,,,,,,,,,,,,,,,,,,,,,,,,,,,,,,,,,,,,,,,,,,,,,,,,,,,,,,,,,,,,,,,,,,,,,,,,,,,,,,,,,,,,,,,,,,,,,,,,,,,,,,,,,,,,,,,,,,
